model,micro_f1,macro_f1,hamming,jaccard_micro
DistilBERT,0.6712785037150909,0.644755334364332,0.06857295563869588,0.5052063247204011
