model,thresholds_per_label,micro_f1,macro_f1,hamming_loss,jaccard_micro
LinearSVC,"[0.19310175100942226, 0.18940873646399595, 0.18940873646399595, 0.3355676494612319, 0.3210629797241438]",0.6255552652207996,0.5955987148008626,0.07659005879208979,0.45513307984790874
