model,thresholds_per_label,micro_f1,macro_f1,hamming_loss,jaccard_micro
LinearSVC,"[0.0736004188024224, -0.00363300219324261, 0.008080907384320966, 0.0736004188024224, -0.00363300219324261]",0.623437,0.5824535020058849,0.08177445216461784,0.43853211009174314
