model,thresholds_per_label,micro_f1,macro_f1,hamming_loss,jaccard_micro
LinearSVC,"[0.2527805073420841, 0.18975859130101996, 0.11037080031883598, 0.26605408964526667, 0.26605408964526667]",0.6234375,0.5964647227654793,0.07728487439871726,0.452894438138479
