model,thresholds_per_label,micro_f1,macro_f1,hamming_loss,jaccard_micro
Logistic Regression,"[0.7, 0.6499999999999999, 0.6499999999999999, 0.7499999999999998, 0.7]",0.6192758253461129,0.5912559573381039,0.07642971672902191,0.4485152333204782
