model,thresholds_per_label,micro_f1,macro_f1,hamming_loss,jaccard_micro
Logistic Regression,"[0.5499999999999999, 0.5999999999999999, 0.5999999999999999, 0.5999999999999999, 0.5999999999999999]",	0.619276,0.5944969417489658,0.07626937466595403,0.45283742331288346
