model,thresholds_per_label,micro_f1,macro_f1,hamming_loss,jaccard_micro
Multinomial Naive Bayes,"[0.35, 0.3, 0.2, 0.2, 0.25]",0.5200113539596934,0.486585112509294,0.09037947621592732,0.35136171845032604
