model,thresholds_per_label,micro_f1,macro_f1,hamming_loss,jaccard_micro
Multinomial Naive Bayes,"[0.5499999999999999, 0.3, 0.25, 0.35, 0.44999999999999996]",0.520011,0.5036138560812436,0.09305184393372529,0.36227106227106226
