model,thresholds_per_label,micro_f1,macro_f1,hamming_loss,jaccard_micro
Multinomial Naive Bayes,"[0.44999999999999996, 0.3, 0.35, 0.3, 0.35]",0.5123789020452099,0.48303012495397135,0.0968466060929984,0.34442836468885674
